<?xml version="1.0" encoding="UTF-8" standalone="yes"?>
<addon id="plugin.video.powerpyx"
	name="PowerPyx"
	version="1.0.0"
	provider-name="ExodusCrowley">
  <requires>
    <import addon="xbmc.python" version="2.14.0"/>
    <import addon="script.module.addon.common" version="2.0.0"/>
    <import addon="plugin.video.youtube" version="5.0.0"/>
  </requires>
  <extension point="xbmc.python.pluginsource" library="default.py">
    <provides>video</provides>
  </extension>
  <extension point="xbmc.addon.metadata">
    <summary></summary>
    <description>
[B]PowerPyx is offering you high-quality video guides and helpful strategies for the latest games, focusing on PlayStation Trophies, Xbox Achievements, Collectibles and Walkthroughs.[/B]
	</description>
    <platform>all</platform>
    <forum></forum>
    <source></source>
    <website>www.powerpyx.com</website>
    <email></email>
    <license></license>
    <assets>
        <icon>icon.png</icon>
        <fanart>fanart.png</fanart>
        <screenshot></screenshot>      
    </assets>
    <news>
	</news>
  </extension>
</addon>
